id,title,slug,date
000,Migrating from Serverless to Flask,migrating-serverless-to-flask,2021-6-16
000,Migrating from Serverless to Flask,migrating-serverless-to-flask,2021-6-16
000,Migrating from Serverless to Flask,migrating-serverless-to-flask,2021-6-16
000,Migrating from Serverless to Flask,migrating-serverless-to-flask,2021-6-16
000,Migrating from Serverless to Flask,migrating-serverless-to-flask,2021-6-16
000,Migrating from Serverless to Flask,migrating-serverless-to-flask,2021-6-16
000,Migrating from Serverless to Flask,migrating-serverless-to-flask,2021-6-16
000,Migrating from Serverless to Flask,migrating-serverless-to-flask,2021-6-16
000,Migrating from Serverless to Flask,migrating-serverless-to-flask,2021-6-16
000,Migrating from Serverless to Flask,migrating-serverless-to-flask,2021-6-16
000,Migrating from Serverless to Flask,migrating-serverless-to-flask,2021-6-16
000,Migrating from Serverless to Flask,migrating-serverless-to-flask,2021-6-16
000,Migrating from Serverless to Flask,migrating-serverless-to-flask,2021-6-16
000,Migrating from Serverless to Flask,migrating-serverless-to-flask,2021-6-16
000,Migrating from Serverless to Flask,migrating-serverless-to-flask,2021-6-16
000,Migrating from Serverless to Flask,migrating-serverless-to-flask,2021-6-16
000,Migrating from Serverless to Flask,migrating-serverless-to-flask,2021-6-16
000,Migrating from Serverless to Flask,migrating-serverless-to-flask,2021-6-16
000,Migrating from Serverless to Flask,migrating-serverless-to-flask,2021-6-16
000,Migrating from Serverless to Flask,migrating-serverless-to-flask,2021-6-16
000,Migrating from Serverless to Flask,migrating-serverless-to-flask,2021-6-16
000,Migrating from Serverless to Flask,migrating-serverless-to-flask,2021-6-16
000,Migrating from Serverless to Flask,migrating-serverless-to-flask,2021-6-16
000,Migrating from Serverless to Flask,migrating-serverless-to-flask,2021-6-16
000,Migrating from Serverless to Flask,migrating-serverless-to-flask,2021-6-16
